{"0": [4.1099, 10.4626, 10.2048, 9.62559, 9.86831, 10.4887, 10.3083, 2.41047, 9.92851], "1": [3.04175, 4.13301, 9.75741, 2.47462, 11.8567, 10.569, 10.53, 5.77334, 9.84881], "2": [3.89525, 3.30617, 10.9677, 10.31, 10.2222, 10.1014, 6.37517, 10.0347, 9.87873], "3": [4.29587, 3.35817, 10.3434, 10.6262, 3.71057, 3.6824, 6.24474, 9.86662, 9.82909], "4": [3.36797, 3.96151, 9.69396, 10.596, 4.05417, 10.6948, 11.9786, 12.1401, 5.7043], "5": [3.67583, 9.69153, 9.50878, 9.80239, 3.34189, 10.4602, 9.6187, 10.0335, 11.0328], "6": [3.92591, 3.89869, 9.53752, 3.03418, 3.18549, 3.30071, 9.49265, 10.4385, 4.51563], "7": [10.5644, 3.87384, 9.90246, 10.3503, 4.09096, 10.4312, 3.39808, 10.2956, 10.2097], "8": [3.88413, 9.59993, 4.1976, 9.69643, 9.39696, 3.1031, 10.422, 9.76983, 9.5607], "9": [9.41735, 3.98931, 4.07332, 10.2195, 10.6344, 9.82242, 10.2065, 12.1283, 9.90093], "10": [2.39263, 10.2653, 10.2995, 3.69895, 9.88368, 5.95715, 9.92345, 10.5487, 9.7496], "11": [10.4094, 9.93118, 10.5828, 12.1784, 9.88794, 10.2934, 3.6299, 9.77926, 10.6412], "12": [3.8913, 10.3426, 10.5608, 9.96816, 10.3962, 9.71551, 3.75082, 10.1606, 10.0466], "13": [2.41215, 11.0796, 3.92315, 3.84792, 3.36621, 10.3501, 9.42094, 9.79711, 10.7247], "14": [3.04926, 3.84747, 10.788, 2.75044, 3.21099, 9.49887, 10.0422, 10.3829, 12.3502], "15": [10.4883, 3.25312, 10.8242, 10.5136, 3.63456, 10.518, 4.20318, 10.1776, 10.4258], "16": [2.93933, 10.5325, 10.6288, 4.10224, 10.4853, 9.81543, 9.3388, 3.29711, 9.74106], "17": [3.09724, 9.528, 10.4, 3.93012, 5.02003, 12.0003, 4.13992, 10.3056, 10.3951], "18": [2.75878, 3.95147, 9.77277, 10.1982, 3.2724, 6.55606, 12.3176, 4.93132, 9.71692], "19": [2.75447, 9.41213, 10.1346, 3.72924, 10.6416, 9.59671, 12.0055, 12.0324, 4.14016], "20": [3.9318, 10.0909, 10.5596, 11.0746, 10.256, 10.4251, 9.95172, 2.38607, 3.66241], "21": [3.91712, 10.5519, 10.4516, 10.9066, 5.27031, 9.7137, 10.2079, 11.458, 9.87145], "22": [10.8436, 3.99884, 3.76194, 3.8233, 9.32118, 11.9661, 10.9785, 10.3859, 10.7171], "23": [3.81837, 12.1114, 9.78455, 3.95439, 3.40573, 11.8311, 9.816, 9.87244, 9.73635], "24": [10.9227, 10.4575, 10.7212, 2.42525, 2.83846, 3.89429, 11.2552, 10.7222, 9.64115], "25": [4.11559, 10.7366, 2.38227, 10.5349, 2.4358, 4.59958, 9.78949, 12.3769, 9.79683], "26": [3.909, 3.67504, 2.98041, 3.74423, 10.1972, 11.9634, 10.2413, 9.41275, 11.9065], "27": [3.10059, 3.81738, 9.92097, 4.88919, 12.0264, 9.74527, 12.3763, 6.25116, 10.5837], "28": [], "29": [3.92058, 2.60885, 9.97097, 2.86849, 10.4721, 12.2358, 9.71348, 12.327, 10.6833], "30": [3.84295, 10.859, 10.3409, 6.32303, 10.4263, 10.9574, 9.87571, 11.3066, 9.26299], "31": [10.5567, 10.4774, 2.63387, 3.12764, 10.6377, 10.0047, 2.98317, 10.3427, 4.76248], "32": [3.95657, 9.54639, 10.4542, 2.46133, 10.5986, 9.87066, 9.92182, 3.16494, 9.83492], "33": [10.419, 10.3221, 10.6953, 2.80513, 2.53746, 3.99203, 4.73035, 10.6926, 6.64174], "34": [3.33789, 4.05904, 10.6952, 3.05594, 2.97274, 2.61195, 9.68118, 10.1986, 9.32416], "35": [3.75311, 2.83984, 10.7108, 9.98214, 6.24631, 10.723, 11.2269, 11.9897, 10.2129], "36": [3.87544, 2.88944, 3.15862, 10.9445, 10.7089, 11.7026, 11.0573, 9.62945, 10.5414], "37": [4.01325, 10.6205, 11.0664, 3.86207, 3.58437, 2.7966, 12.0315, 2.72786, 10.3232], "38": [2.88603, 9.59231, 9.82231, 10.735, 4.10371, 2.64074, 10.7149, 10.0332, 10.4046], "39": [3.93918, 3.70986, 9.66729, 11.6439, 10.4524, 2.94932, 9.95147, 11.0085, 4.09961], "40": [3.07639, 3.99621, 10.2663, 3.87502, 9.6365, 10.6056, 3.60522, 9.81712, 10.8099], "41": [4.04772, 10.4154, 3.71528, 10.9923, 10.0314, 3.98118, 2.90353, 6.47598, 5.43721], "42": [2.8499, 9.35841, 3.30773, 10.6118, 10.5796, 12.2958, 9.85376, 11.1742, 11.6102], "43": [4.19527, 10.636, 11.1055, 3.232, 4.00558, 2.60272, 10.6417, 9.87821, 2.75116], "44": [3.81177, 9.68367, 9.81912, 10.5605, 10.3437, 10.1406, 9.53323, 10.0768, 9.97412], "45": [9.40417, 2.30212, 10.1516, 9.64235, 4.23481, 11.9636, 9.51884, 3.80766, 10.06], "46": [9.77572, 10.5276, 10.4101, 3.64097, 9.63467, 2.47608, 3.71638, 10.8876, 9.63554], "47": [2.9168, 3.89986, 10.1105, 4.00558, 10.5955, 2.47396, 10.5341, 9.82445, 10.7504], "48": [3.94525, 9.61578, 4.83518, 10.0155, 9.67892, 10.5081, 10.4395, 10.5867, 11.9113], "49": [9.57131, 3.95445, 10.9002, 3.2415, 10.4374, 9.81011, 10.4335, 11.9598, 10.165], "50": []}