{"0": [4.95922, 3.34574, 4.88261, 4.52966, 2.92637, 2.7245, 4.22718, 4.3078, 3.54533], "1": [3.80011, 3.78199, 3.67011, 2.16956, 3.6114, 3.12692, 3.8218, 3.53482, 4.56026], "2": [4.96681, 3.12707, 3.18712, 4.55703, 4.29454, 4.06706, 4.92433, 4.15011, 3.72149], "3": [4.50624, 4.07126, 4.32752, 4.16404, 4.12921, 4.58488, 3.42474, 4.49442, 3.33173], "4": [4.71706, 4.59571, 2.8594, 4.64429, 5.02025, 3.50875, 4.71567, 3.63249, 4.24876], "5": [5.085, 4.22054, 4.04648, 4.55007, 2.98143, 4.13641, 4.7906, 3.21342, 3.52985], "6": [4.59343, 3.99234, 4.15659, 3.31049, 2.62653, 3.947, 4.42959, 2.5504, 3.68317], "7": [4.86665, 4.2095, 4.62993, 3.45912, 2.87921, 3.60101, 3.58949, 3.07596, 3.25274], "8": [4.73665, 4.30473, 2.58526, 5.0472, 3.49394, 4.70203, 4.39535, 3.88257, 4.09203], "9": [4.34134, 3.90141, 5.01297, 4.93284, 3.64373, 4.28427, 3.46097, 3.92899, 3.96833], "10": [4.75534, 4.38245, 5.29339, 2.86012, 3.98148, 3.57516, 5.10618, 5.60417, 4.30061], "11": [5.09447, 3.29029, 5.37795, 3.37787, 4.28654, 3.68422, 3.06435, 4.63836, 4.2717], "12": [4.80191, 4.62407, 2.76737, 4.41238, 4.16131, 3.52604, 4.59245, 3.36111, 4.48393], "13": [4.89785, 4.99091, 4.02665, 3.43853, 4.06026, 3.72347, 3.39123, 3.61665, 2.62082], "14": [4.79305, 4.26311, 3.09917, 3.78571, 4.5254, 4.5409, 4.89955, 3.40061, 3.629], "15": [3.57907, 4.81842, 5.11039, 3.84558, 4.53469, 2.53605, 4.35362, 2.82616, 2.91578], "16": [4.78605, 3.13355, 4.95651, 3.33546, 4.30236, 3.53375, 3.78678, 3.88608, 3.25808], "17": [4.73701, 3.13487, 3.52144, 3.94398, 5.27017, 4.26635, 4.25424, 3.59959, 2.64461], "18": [4.82807, 4.27011, 4.91247, 3.2875, 4.53669, 4.22893, 4.71279, 3.93153, 3.7596], "19": [5.14636, 3.6947, 4.18509, 4.00051, 3.25416, 4.253, 2.53697, 4.22926, 3.94039], "20": [4.70698, 5.0056, 4.92562, 4.63715, 2.74899, 4.08984, 4.98903, 4.21983, 3.62672], "21": [4.19481, 4.85206, 3.4942, 4.32333, 2.71945, 3.79095, 5.21729, 3.73199, 3.45965], "22": [3.37137, 4.81031, 3.45805, 4.39146, 2.82504, 3.39578, 3.50931, 3.79638, 4.05081], "23": [4.73747, 4.40161, 4.11436, 4.57792, 3.46105, 4.22235, 4.96903, 3.96897, 4.84204], "24": [4.03806, 3.53424, 4.21053, 4.98814, 4.18642, 4.59209, 3.12428, 4.095, 3.82443], "25": [5.00884, 3.58651, 4.73434, 5.30119, 3.70632, 4.83011, 4.08747, 4.27052, 3.08536], "26": [5.04435, 4.99119, 3.67707, 3.65796, 4.52118, 4.28183, 4.39306, 3.34098, 3.01856], "27": [4.1968, 4.90236, 3.07399, 3.25859, 4.05777, 4.60143, 4.62591, 4.76626, 3.41006], "28": [3.78577, 4.94633, 3.36097, 3.96094, 2.85247, 4.19998, 4.57251, 3.99175, 5.28353], "29": [3.65303, 5.1154, 4.63426, 4.2465, 3.73649, 4.70535, 4.97807, 3.21302, 4.12824], "30": [4.66711, 3.87617, 4.25253, 3.94015, 3.48321, 3.75716, 4.9141, 3.35974, 5.48849], "31": [4.83949, 4.69975, 3.37032, 3.97663, 3.76486, 3.56023, 2.36708, 2.78094, 3.67205], "32": [4.72467, 3.92052, 5.81316, 3.8719, 4.27767, 4.11171, 2.69917, 3.8944, 2.82313], "33": [3.78912, 4.64096, 3.15424, 3.23976, 3.70904, 4.07405, 3.36019, 3.4107, 4.84685], "34": [4.75019, 5.03157, 4.55387, 4.29824, 4.62353, 2.47225, 3.33875, 3.44386, 3.35156], "35": [3.29305, 4.71195, 3.37508, 5.10208, 3.84773, 4.69068, 4.40347, 3.77252, 4.65341], "36": [4.08778, 4.2671, 2.86809, 3.51681, 3.61576, 5.05972, 4.44064, 3.92681, 5.10063], "37": [3.83591, 4.36449, 5.10941, 5.15522, 3.78432, 4.85088, 5.69115, 4.05722, 3.15553], "38": [4.37463, 4.26925, 4.34685, 4.07813, 4.84338, 3.14394, 2.66721, 2.97247, 4.25491], "39": [3.58114, 4.95277, 4.58535, 3.24697, 4.35551, 4.59185, 2.60622, 4.39801, 4.62211], "40": [4.45596, 4.56239, 4.04741, 5.06047, 3.29322, 4.41437, 2.68729, 3.96141, 3.47609], "41": [4.693, 4.51834, 4.91816, 3.53858, 4.17995, 3.07845, 4.61039, 4.47926, 3.46083], "42": [4.92934, 4.51606, 4.54332, 5.08498, 4.60171, 2.75655, 4.51442, 2.19292, 3.27747], "43": [3.65264, 4.46542, 3.91569, 4.90388, 4.07682, 3.80873, 3.39097, 4.42191, 4.29797], "44": [3.75569, 4.77553, 3.09748, 3.76901, 4.28084, 2.33514, 4.81889, 3.77513, 3.43207], "45": [4.53156, 3.71426, 3.88351, 3.51824, 3.37407, 3.15439, 3.44324, 3.09223, 4.07547], "46": [4.94401, 4.7565, 4.23219, 4.34961, 3.44443, 2.81824, 3.25269, 3.43, 4.69921], "47": [4.18779, 2.84344, 2.60067, 3.98648, 2.85342, 4.06641, 3.89272, 4.62994, 4.49787], "48": [4.93434, 4.72056, 3.86085, 4.04754, 2.83118, 3.7013, 4.17934, 4.43739, 2.80332], "49": [5.11711, 4.64796, 4.2161, 3.41044, 3.81599, 4.42987, 3.31449, 2.55179, 4.23722], "50": []}