{"0": [1.61842, 1.88644, 3.2955, 1.78305, 11.8451, 6.64873, 7.26909, 5.39775, 4.3056], "1": [1.8941, 2.66518, 3.01121, 1.83001, 5.33679, 2.00397, 1.82967, 3.16636, 7.91988], "2": [3.03668, 1.81959, 1.84778, 2.87974, 1.4829, 7.23052, 5.64818, 6.01318, 9.47502], "3": [2.54353, 7.43461, 8.23085, 6.15226, 2.11478, 3.10293, 7.07238, 11.7163, 7.98988], "4": [1.58984, 2.89527, 2.22845, 2.85259, 2.05354, 1.74882, 7.83886, 7.46993, 6.84357], "5": [1.4815, 2.40889, 1.80519, 3.50166, 4.98954, 4.18584, 7.66749, 1.67676, 6.38878], "6": [1.56158, 2.64253, 1.55553, 3.11749, 2.87666, 8.58848, 7.85194, 3.22974, 3.76834], "7": [1.42088, 2.19998, 4.48533, 2.33557, 3.82398, 2.85558, 5.96619, 2.20322, 3.80456], "8": [2.31807, 2.63574, 1.88251, 4.51747, 6.26016, 8.08556, 1.74243, 7.56386, 5.16588], "9": [1.63938, 2.60421, 1.85347, 2.28653, 7.99878, 3.36199, 2.62792, 2.80344, 5.52529], "10": [1.61848, 1.84213, 2.73825, 3.74187, 1.45426, 4.3754, 3.22348, 5.46045, 1.69028], "11": [1.51268, 2.08853, 2.83262, 3.84135, 7.84098, 1.85372, 4.59547, 4.91816, 6.32206], "12": [2.12878, 1.949, 2.03925, 3.58616, 4.2273, 1.52606, 8.08015, 5.77805, 6.25267], "13": [2.78635, 1.52229, 2.85869, 1.73449, 7.58002, 2.66753, 2.75393, 1.90118, 3.0336], "14": [1.56306, 1.80137, 7.9067, 5.30641, 4.09107, 7.79691, 3.07582, 9.60396, 5.80464], "15": [2.34925, 1.535, 1.53749, 1.87578, 9.73563, 4.86046, 6.54181, 5.2886, 5.05986], "16": [1.69964, 1.62182, 1.4459, 5.03662, 1.95604, 1.75288, 2.27073, 2.47027, 6.13817], "17": [1.7224, 2.46879, 1.58121, 2.07455, 5.00065, 3.50133, 6.3431, 11.3746, 7.60468], "18": [1.5564, 2.72308, 3.35233, 2.49015, 3.86022, 5.71427, 3.53926, 3.15241, 7.8347], "19": [2.12567, 1.62578, 5.64784, 8.14501, 7.16721, 7.6846, 2.66557, 4.193, 1.851], "20": [2.23455, 1.41087, 1.66017, 3.09798, 3.50615, 2.92553, 1.99588, 6.19732, 4.95059], "21": [1.833, 2.7578, 1.55005, 1.99281, 5.58769, 6.38822, 3.69839, 8.36395, 5.05832], "22": [2.49173, 1.63899, 1.8062, 4.34446, 5.85264, 9.8015, 5.88525, 8.4149, 7.5691], "23": [2.6046, 1.93477, 1.53745, 3.7678, 5.80487, 1.75802, 7.66996, 4.63915, 5.22399], "24": [1.52818, 1.93651, 2.29559, 2.47339, 1.60956, 2.34378, 7.83376, 6.06106, 2.73661], "25": [1.75403, 2.32687, 1.57849, 3.98057, 7.41304, 8.28986, 5.9394, 4.79751, 2.99197], "26": [1.67364, 4.85899, 3.53034, 3.60427, 8.06002, 6.1802, 4.96787, 7.54589, 2.97661], "27": [1.91597, 2.88119, 4.78978, 1.79888, 3.13569, 5.75054, 8.12529, 9.05424, 4.39581], "28": [1.64684, 1.87754, 2.83893, 10.1173, 7.99068, 5.43586, 2.16804, 7.76491, 7.06367], "29": [1.76573, 2.67038, 2.55361, 5.31962, 3.83768, 5.79613, 2.0985, 6.03201, 3.51443], "30": [2.69439, 1.89784, 1.79177, 6.44988, 2.22014, 3.95408, 4.74817, 9.50746, 6.192], "31": [1.71483, 3.47104, 1.4918, 6.26824, 1.9364, 4.25373, 7.92527, 3.42823, 8.85465], "32": [1.70049, 1.43261, 1.85649, 2.44775, 3.47102, 2.70371, 2.87751, 7.42262, 9.56978], "33": [7.94722, 2.16227, 1.57238, 1.86945, 7.83797, 1.66861, 2.36465, 4.57977, 4.13514], "34": [1.85089, 3.21933, 5.74238, 1.81263, 1.52722, 1.97161, 2.29288, 7.9092, 2.88398], "35": [4.66741, 2.7496, 1.49855, 2.48479, 1.80945, 2.81903, 5.73645, 10.7077, 7.4972], "36": [1.62556, 1.99216, 2.29621, 2.37214, 3.23705, 6.89695, 3.88866, 4.91073, 1.4789], "37": [2.63913, 2.56125, 4.21745, 2.73021, 1.80439, 5.65242, 3.24318, 2.50627, 1.96027], "38": [1.45701, 2.39239, 1.7999, 4.16796, 2.96964, 7.36258, 3.90413, 7.67469, 8.30496], "39": [1.92175, 1.51963, 4.76867, 3.64243, 1.99811, 3.9218, 3.61285, 3.13396, 5.11602], "40": [1.50933, 3.67261, 2.32783, 5.31935, 1.73336, 6.15353, 5.16079, 8.50623, 5.84913], "41": [1.7005, 1.48227, 2.24065, 2.48329, 4.78985, 5.89145, 3.64749, 6.83566, 12.4469], "42": [1.18772, 2.41958, 1.8871, 4.17874, 1.91437, 8.29659, 3.3378, 7.79405, 7.53714], "43": [1.51476, 2.32785, 7.56446, 2.84855, 3.57688, 1.82304, 8.30001, 7.70625, 5.00562], "44": [2.93908, 2.41597, 1.44908, 1.73287, 1.74558, 8.15416, 4.38181, 5.79534, 7.54257], "45": [2.76489, 1.50458, 2.47528, 1.61137, 2.7157, 5.12403, 3.79051, 3.41419, 4.72313], "46": [2.95207, 1.71793, 5.7391, 1.48998, 8.09654, 7.42664, 1.58483, 3.61054, 8.41486], "47": [1.61555, 3.05943, 2.68721, 7.98633, 5.87352, 6.5378, 4.15029, 4.19613, 7.90834], "48": [1.48207, 5.83192, 2.00524, 8.22611, 7.57306, 3.40854, 5.11539, 7.88229, 3.57966], "49": [1.463, 2.51257, 1.62827, 2.27803, 2.70059, 1.73954, 6.53721, 3.27044, 7.93], "50": []}