{"0": [2.51969, 2.09052, 2.14688, 2.18034, 3.89525, 4.17089, 7.88346, 9.31399, 2.53605], "1": [2.32561, 2.13047, 3.39125, 8.06931, 2.89792, 1.96208, 4.12088, 2.72696, 5.38487], "2": [2.03433, 2.38643, 1.9108, 2.39261, 1.86432, 3.00604, 2.04301, 4.24151, 4.18109], "3": [2.42332, 1.60314, 1.82136, 2.23591, 2.49935, 2.39985, 2.14088, 3.50179, 8.24185], "4": [2.5472, 2.1802, 2.5581, 2.11367, 1.86977, 8.28605, 4.78834, 2.55531, 2.39172], "5": [2.06738, 2.02923, 2.35799, 1.99669, 1.7746, 3.64977, 2.79496, 4.07471, 3.0577], "6": [2.24166, 2.10195, 1.9721, 2.56536, 2.27216, 2.27607, 3.10022, 3.87443, 10.2708], "7": [2.67214, 2.52468, 2.06113, 2.29429, 3.306, 8.43557, 8.36307, 8.03265, 8.1159], "8": [2.55043, 2.27493, 2.10553, 2.06214, 1.68592, 2.02679, 3.9448, 8.46391, 2.57169], "9": [2.14186, 1.65698, 2.19994, 3.33694, 2.26355, 2.38745, 1.8086, 2.19241, 3.43196], "10": [2.31537, 1.81576, 2.16919, 1.98337, 1.8507, 2.31326, 2.87705, 3.42235, 1.54166], "11": [2.19867, 2.5994, 1.88854, 4.08502, 8.31699, 8.32435, 2.46669, 8.06759, 12.1094], "12": [1.96057, 2.19498, 2.18676, 2.09697, 2.61349, 4.43188, 2.08401, 2.57674, 6.76363], "13": [2.11851, 1.75711, 2.11775, 2.42516, 2.07884, 2.47141, 8.82848, 2.12907, 2.43533], "14": [2.96332, 2.28426, 2.97889, 4.21261, 8.32965, 2.13428, 2.27701, 8.30855, 8.34119], "15": [1.78378, 2.30889, 2.17358, 2.4476, 3.06961, 1.67596, 2.30471, 4.75798, 3.55728], "16": [2.43451, 3.05998, 1.96956, 2.48184, 2.56745, 2.18998, 8.1074, 4.23441, 1.74248], "17": [2.48634, 2.10066, 2.36753, 3.65078, 3.06958, 2.26744, 8.07046, 3.78626, 8.15622], "18": [2.86055, 2.3417, 1.98181, 1.89227, 7.98849, 2.38058, 2.47559, 2.43332, 12.012], "19": [2.18452, 2.68713, 3.70459, 3.92167, 8.04193, 2.62304, 4.2303, 4.50971, 8.10656], "20": [3.1588, 2.47556, 2.40219, 7.98309, 1.85715, 8.12434, 8.06267, 8.30335, 2.56747], "21": [2.63708, 2.36822, 1.54508, 3.21135, 1.66114, 2.41276, 8.26381, 2.03858, 2.24579], "22": [2.56585, 2.85744, 2.22396, 4.39479, 2.00266, 2.61663, 2.89347, 8.3077, 8.11245], "23": [2.74014, 8.45598, 2.24697, 2.2647, 3.43936, 8.09295, 8.55673, 2.31378, 3.88385], "24": [2.28849, 1.81078, 2.23012, 2.29602, 8.17364, 2.2786, 8.09044, 2.2773, 10.3386], "25": [2.47705, 1.60778, 2.8053, 2.03363, 3.89819, 8.05004, 1.94981, 2.25211, 8.13777], "26": [2.43483, 2.09027, 2.45833, 2.45327, 2.33476, 7.9579, 8.40708, 8.30872, 4.12577], "27": [2.91493, 2.25709, 2.06652, 2.655, 2.23109, 1.86656, 4.53984, 3.03119, 8.22545], "28": [2.28866, 3.00399, 1.99252, 1.6202, 2.35837, 4.41164, 8.28286, 2.72103, 1.63663], "29": [1.98317, 2.70219, 2.04274, 3.81921, 8.39016, 4.4337, 2.36479, 3.77909, 3.149], "30": [2.18462, 2.1098, 1.85288, 2.9168, 2.31611, 2.27088, 2.41964, 2.44765, 8.42647], "31": [2.12628, 2.54626, 2.67837, 1.98469, 2.48985, 4.44976, 4.46958, 3.4401, 1.94109], "32": [2.2585, 2.12642, 2.07619, 2.16355, 8.02507, 3.0362, 3.41849, 2.511, 2.42641], "33": [2.79356, 2.36844, 4.12706, 1.80831, 2.06851, 8.56695, 2.03817, 2.68584, 4.13046], "34": [2.29529, 3.19505, 2.48369, 2.00937, 3.21415, 8.17029, 2.06283, 2.93667, 8.25385], "35": [2.19444, 2.43805, 2.2096, 3.31531, 3.01589, 1.68688, 4.38071, 2.46689, 8.01013], "36": [2.04531, 2.81919, 2.18279, 1.89866, 4.2046, 8.09101, 3.46077, 8.177, 8.42443], "37": [2.2341, 2.28907, 2.29247, 2.95721, 2.08878, 3.63588, 8.64935, 3.44517, 8.16594], "38": [2.16427, 1.96617, 1.87357, 2.90966, 1.9921, 1.78552, 2.67232, 2.43006, 2.24817], "39": [2.70909, 3.4341, 2.00793, 7.95448, 2.17282, 2.51453, 8.15405, 2.33035, 8.31972], "40": [2.76998, 2.25752, 2.22545, 2.89017, 2.27901, 1.85287, 3.92924, 7.9049, 2.44921], "41": [2.28889, 2.14162, 2.57845, 2.38493, 3.21844, 2.10229, 1.84086, 1.63391, 3.37319], "42": [3.05399, 1.9775, 2.36124, 2.94878, 3.66548, 8.202, 8.17449, 4.77794, 3.00814], "43": [2.28852, 2.25734, 2.36329, 1.93392, 3.12221, 2.62267, 2.10469, 2.42066, 2.39225], "44": [2.09682, 2.33168, 2.08214, 2.47302, 2.04261, 1.59139, 2.76655, 2.68513, 2.5373], "45": [2.35263, 2.23934, 1.96417, 2.25992, 1.65028, 8.05105, 2.30077, 2.4481, 4.64825], "46": [3.13862, 2.32978, 2.89818, 2.05858, 1.88309, 8.37572, 2.36266, 3.18408, 3.30604], "47": [2.23502, 2.3402, 2.32547, 1.85638, 2.41895, 1.43392, 2.23457, 2.44185, 2.73495], "48": [2.25328, 3.14304, 2.18557, 2.56495, 7.89484, 4.43748, 1.92621, 9.1644, 2.54093], "49": [2.27671, 2.07273, 2.35865, 2.37168, 1.69437, 2.82577, 3.52732, 2.12189, 8.07547], "50": []}