{"0": [3.70921, 3.22938, 4.16992, 3.0511, 4.04764, 3.9986, 3.68943, 3.70433, 3.33237], "1": [3.57069, 3.44979, 4.93476, 3.15915, 4.01547, 2.19765, 2.9245, 4.06973, 3.23492], "2": [3.92493, 4.11058, 2.96719, 2.08897, 2.18116, 3.44201, 2.35384, 3.94771, 4.0799], "3": [3.38778, 3.41582, 2.98297, 1.9609, 3.61616, 3.8527, 3.6179, 3.79878, 3.01236], "4": [1.35791, 3.34943, 4.55801, 2.57317, 3.99191, 3.50143, 2.3747, 3.48749, 2.2837], "5": [4.16866, 2.94622, 4.0054, 2.62664, 3.75621, 2.7282, 3.85258, 3.90033, 3.08732], "6": [2.06945, 2.70323, 3.72269, 3.44841, 3.26913, 3.336, 3.72717, 4.3133, 2.17277], "7": [3.81576, 2.1608, 4.07897, 3.2738, 1.46919, 3.63846, 2.89509, 3.63027, 3.46034], "8": [3.55323, 4.01429, 2.84494, 4.12001, 3.39964, 3.45915, 3.69805, 3.50804, 2.8958], "9": [2.456, 4.11838, 4.28962, 3.59456, 4.43901, 3.29633, 3.11478, 3.65358, 3.34462], "10": [2.81965, 3.58171, 3.98867, 3.77878, 3.62375, 2.66497, 3.29677, 1.95705, 3.81302], "11": [3.24723, 3.13094, 3.54102, 1.95975, 3.76403, 2.95449, 2.88586, 4.2806, 2.44154], "12": [4.0587, 3.82862, 1.95136, 3.8697, 3.88661, 3.15191, 3.98104, 3.71613, 3.89479], "13": [3.54759, 3.80025, 3.76167, 3.38709, 2.65185, 3.76135, 3.84589, 3.61329, 1.74373], "14": [3.68164, 3.95223, 3.77488, 3.59069, 3.8104, 4.3766, 3.82545, 4.00783, 3.52795], "15": [4.65497, 3.79787, 3.72915, 4.42519, 3.57087, 3.95349, 3.76181, 3.931, 3.34789], "16": [3.44724, 1.83424, 3.4822, 3.24991, 3.57078, 3.63865, 2.60633, 4.56637, 3.85867], "17": [4.26411, 4.00868, 2.76495, 2.7034, 3.75331, 2.0527, 3.85567, 2.63005, 2.96632], "18": [3.57799, 3.27406, 3.58088, 3.72839, 4.12949, 4.00207, 3.61568, 2.88223, 3.81962], "19": [4.20589, 3.45494, 3.33127, 2.90951, 3.73748, 3.78666, 2.43274, 3.09952, 2.19624], "20": [2.60519, 3.72834, 3.62286, 3.44124, 3.73055, 2.96905, 2.78263, 2.36096, 4.03333], "21": [2.28377, 3.49826, 3.64849, 3.14506, 3.52212, 2.15457, 3.95217, 1.57477, 3.4772], "22": [4.02534, 3.50509, 2.53959, 2.05747, 2.93671, 3.3727, 3.82894, 3.92336, 3.41776], "23": [3.67235, 3.57815, 1.51946, 3.04401, 3.79874, 3.78875, 3.8717, 3.30229, 2.08074], "24": [2.54703, 3.78706, 3.53859, 3.0733, 3.21268, 3.23885, 2.32343, 2.99595, 3.80612], "25": [3.46953, 3.43738, 3.81762, 3.81231, 2.63681, 3.83668, 3.4285, 3.79549, 3.60887], "26": [2.81201, 4.14271, 4.31233, 3.8896, 3.3991, 3.61046, 2.35854, 3.11634, 4.3048], "27": [2.58622, 3.72844, 3.55093, 2.46866, 4.06939, 2.47951, 2.32591, 3.26979, 3.81337], "28": [4.21236, 2.3234, 3.24642, 3.87068, 4.00045, 3.91787, 3.55351, 2.33256, 3.28961], "29": [3.75034, 3.72305, 3.06558, 2.39627, 2.35618, 3.81123, 2.71642, 2.09638, 3.85837], "30": [4.25108, 3.86591, 4.26969, 4.13409, 3.42324, 2.89746, 2.57584, 3.8649, 3.89844], "31": [1.63561, 3.90077, 3.10776, 3.83926, 2.83473, 3.38789, 3.86181, 3.93748, 2.35289], "32": [3.40483, 3.68614, 3.22405, 3.96336, 3.88933, 3.81323, 3.39311, 3.33495, 2.74246], "33": [3.90353, 3.66853, 3.1372, 3.32683, 4.98177, 3.63216, 4.57433, 3.63794, 3.45071], "34": [3.92885, 2.74255, 2.28511, 3.30912, 3.62076, 2.92692, 3.42019, 2.46204, 3.92777], "35": [3.62796, 2.17038, 4.0708, 3.66833, 4.24128, 3.00115, 3.99387, 3.38525, 3.48819], "36": [3.49731, 3.77176, 2.64204, 3.30675, 4.22252, 3.54894, 2.72653, 3.1979, 4.12986], "37": [1.78379, 3.56253, 1.8597, 4.48135, 3.59712, 3.52627, 2.54617, 2.49939, 4.05649], "38": [3.62441, 3.74239, 3.37119, 3.71009, 3.25686, 4.39363, 3.41891, 3.54832, 3.57699], "39": [4.2698, 3.02961, 4.08323, 3.88929, 3.90727, 3.46242, 3.94939, 4.36724, 3.42084], "40": [3.68172, 3.61332, 4.74355, 3.83248, 3.82246, 3.89224, 4.17419, 3.16253, 3.94296], "41": [3.69655, 4.87932, 2.90302, 4.12793, 2.79255, 2.29202, 4.23052, 3.70138, 3.63814], "42": [2.78878, 2.8758, 4.25976, 2.25902, 3.25406, 3.8786, 3.9312, 2.02711, 3.3223], "43": [3.90144, 3.12951, 2.06061, 4.01232, 3.88295, 1.94709, 3.17343, 3.08015, 3.7954], "44": [3.64826, 3.43662, 3.4982, 3.23152, 3.71968, 2.45929, 3.35628, 3.9593, 3.86435], "45": [1.15566, 3.21862, 2.232, 3.64341, 2.40333, 3.30271, 2.04306, 3.64687, 3.51445], "46": [2.13736, 2.14985, 3.38602, 3.39683, 3.84515, 3.56603, 3.75403, 3.73367, 2.15924], "47": [2.10365, 3.76911, 3.32762, 3.95196, 3.2345, 3.55565, 2.47827, 4.12542, 3.48442], "48": [2.66464, 3.88573, 2.25376, 2.94062, 3.64262, 3.25016, 3.54734, 4.18924, 4.45034], "49": [3.58081, 3.43912, 2.36801, 3.67615, 3.6955, 3.34325, 3.29634, 4.70221, 2.30698], "50": []}