{"0": [10.5378, 10.428, 10.0059, 10.1528, 10.4519, 7.99468, 9.32644, 10.6401, 9.81574], "1": [10.2085, 10.099, 10.3525, 10.4258, 10.614, 10.2291, 9.38824, 10.2102, 10.9968], "2": [9.85764, 9.62638, 10.7552, 10.5275, 8.06386, 9.74785, 11.0845, 9.84679, 10.9104], "3": [10.0686, 10.7474, 10.7611, 9.8634, 10.7868, 10.5681, 9.71695, 10.9734, 11.0586], "4": [10.5457, 10.6634, 9.20607, 9.49181, 9.92782, 9.28521, 10.2468, 10.5436, 9.91779], "5": [10.5024, 10.1715, 11.4246, 9.99452, 10.3955, 10.9173, 9.47284, 10.0735, 7.96967], "6": [10.5286, 10.5153, 9.70987, 10.5488, 10.6923, 10.4548, 9.43615, 10.9389, 10.9788], "7": [9.71338, 10.6696, 10.5194, 10.3158, 10.3092, 10.3848, 9.06751, 10.5597, 10.5641], "8": [10.7115, 9.92842, 10.6971, 10.0458, 10.151, 10.2161, 7.83246, 10.1349, 9.77875], "9": [10.199, 9.95963, 10.5462, 9.89724, 9.16229, 9.95385, 9.81691, 9.97256, 10.5297], "10": [10.2155, 10.052, 7.83488, 10.9006, 9.84466, 7.73585, 10.0984, 9.39841, 9.40967], "11": [10.1198, 10.8157, 10.5663, 10.4086, 9.37818, 10.2519, 10.8023, 9.66908, 9.69023], "12": [9.74893, 9.49444, 10.8213, 10.8601, 10.211, 9.952, 10.2965, 9.84157, 9.77484], "13": [10.6473, 9.26395, 9.36922, 10.4918, 10.4687, 10.7761, 10.5529, 9.88423, 10.7514], "14": [10.415, 10.516, 10.702, 9.37197, 9.05715, 9.66923, 10.2725, 10.0523, 10.9555], "15": [10.1882, 10.291, 10.6852, 10.7609, 10.6675, 10.8258, 10.5463, 9.78994, 10.4883], "16": [9.83993, 10.2398, 9.94879, 10.3266, 11.1967, 10.3168, 10.6015, 10.4968, 10.0073], "17": [10.5846, 9.77043, 10.9189, 10.6941, 10.5173, 10.6169, 9.99291, 10.5373, 10.1546], "18": [10.8631, 10.4817, 10.3154, 10.0235, 10.366, 10.7978, 10.0548, 10.0115, 9.92529], "19": [10.2495, 10.5615, 9.81769, 10.9946, 10.3577, 10.6706, 10.9066, 10.2608, 9.86432], "20": [9.76571, 10.1483, 10.2927, 10.0471, 10.6626, 10.6108, 10.8118, 10.8626, 10.8408], "21": [10.0058, 9.96539, 10.7272, 10.9966, 9.79393, 10.2107, 9.72133, 9.97214, 10.6752], "22": [10.6053, 9.98359, 10.6452, 10.9293, 10.7465, 10.5808, 10.8347, 10.6396, 10.1651], "23": [10.2967, 10.1185, 10.0481, 9.23921, 10.5936, 10.7792, 10.4233, 10.758, 10.3042], "24": [10.7771, 11.1514, 8.27805, 10.7616, 10.3578, 10.2391, 9.68741, 9.92679, 6.60124], "25": [10.4501, 10.8251, 9.55013, 10.33, 10.6859, 9.30895, 7.8463, 9.71275, 9.93136], "26": [10.5447, 10.3107, 10.4065, 10.2177, 10.0047, 9.73065, 10.693, 10.3174, 10.6382], "27": [9.89674, 10.8684, 10.6118, 10.6664, 10.3018, 10.3493, 9.98085, 9.27333, 9.94397], "28": [9.75532, 10.4579, 10.4035, 10.8898, 10.3565, 10.652, 9.71351, 10.6407, 10.2258], "29": [11.0048, 10.355, 10.6319, 10.5437, 10.4512, 9.86086, 10.3637, 10.6149, 9.91343], "30": [9.43847, 10.8763, 10.5574, 9.7625, 10.3803, 10.7077, 9.98454, 10.8699, 10.3433], "31": [10.1995, 10.1897, 9.38725, 10.8492, 10.5961, 10.8418, 9.86433, 10.7552, 10.5966], "32": [9.96685, 10.8556, 10.5133, 10.2174, 9.92484, 10.5879, 10.6101, 10.7019, 10.1282], "33": [10.4216, 10.0688, 10.5112, 10.2762, 10.3031, 10.6893, 9.89321, 10.3795, 10.1129], "34": [10.3477, 10.8831, 10.2016, 10.253, 10.6025, 9.07147, 10.7776, 9.7634, 10.0059], "35": [10.3855, 10.2269, 10.308, 10.8245, 8.70502, 10.8479, 10.3143, 10.7765, 9.02892], "36": [11.0256, 10.3419, 9.13054, 10.2699, 11.0613, 10.6358, 10.2776, 9.36997, 10.6367], "37": [10.8517, 11.1366, 9.55451, 8.98511, 10.0211, 10.4911, 10.5793, 9.72804, 7.89279], "38": [10.8319, 10.3675, 10.3878, 10.8549, 10.8981, 10.2699, 10.6606, 10.5081, 10.9786], "39": [10.4557, 10.5342, 9.89954, 10.6718, 10.1164, 10.9008, 9.96447, 10.0291, 9.98198], "40": [10.85, 10.1918, 10.284, 9.9697, 10.9642, 9.88349, 10.5343, 10.4588, 10.7403], "41": [10.6841, 10.6324, 10.0851, 10.7882, 10.3091, 8.9905, 9.75125, 10.3653, 10.5688], "42": [10.7978, 9.20127, 10.1195, 10.4323, 10.2025, 10.3872, 10.118, 10.3725, 7.84288], "43": [11.0317, 10.0128, 10.7724, 9.44786, 8.92606, 9.23792, 7.71552, 8.30405, 10.7418], "44": [10.8903, 9.95174, 10.1258, 9.63931, 10.005, 10.2145, 10.0245, 10.7519, 10.5948], "45": [10.4414, 10.3175, 10.813, 10.3064, 11.0151, 10.6191, 9.92109, 10.1166, 10.0742], "46": [10.1256, 10.4612, 10.3982, 9.23693, 11.0797, 9.5217, 9.76317, 10.2444, 10.4237], "47": [10.559, 10.3851, 10.8178, 10.0122, 10.1991, 10.7685, 9.91185, 9.74831, 10.1123], "48": [10.4943, 10.0972, 9.98833, 10.6963, 10.0911, 9.99556, 10.688, 10.6298, 10.599], "49": [10.2202, 10.8442, 10.6798, 10.2648, 7.92656, 10.9381, 10.4447, 9.64526, 10.2726], "50": []}