{"0": [5.76504, 9.00968, 8.82806, 6.10291, 9.14847, 8.0494, 9.08337, 7.95985, 2.97067], "1": [6.37534, 7.81058, 9.32621, 9.10985, 10.0167, 8.90664, 6.10394, 9.17713, 7.43714], "2": [7.01413, 3.55691, 8.81254, 1.6479, 8.02791, 9.34328, 8.81486, 8.26207, 6.37434], "3": [8.52391, 6.48813, 9.29517, 8.36736, 7.86948, 5.88436, 9.28139, 6.58761, 6.56744], "4": [9.49137, 8.94565, 9.04971, 9.2992, 7.72232, 6.41055, 6.06461, 8.03722, 2.66286], "5": [9.1473, 8.8647, 8.93973, 6.72183, 4.02264, 8.30104, 6.05824, 6.85715, 6.32657], "6": [6.2844, 9.26163, 5.9599, 8.27855, 9.29137, 8.90587, 6.77335, 7.33549, 8.85274], "7": [6.3832, 8.14503, 1.62391, 9.21846, 7.17958, 8.08603, 9.07948, 6.16741, 9.30218], "8": [7.80242, 9.40193, 8.31018, 9.15273, 8.83541, 6.46644, 9.31605, 8.28291, 8.39277], "9": [9.14724, 8.84901, 9.36079, 7.21865, 6.14178, 3.87035, 7.80179, 7.47766, 7.41489], "10": [8.34392, 9.11072, 8.87845, 6.08467, 7.13383, 7.06185, 4.20376, 9.22692, 5.77647], "11": [9.15705, 6.09435, 8.89744, 9.13583, 9.28851, 7.16676, 10.9748, 8.98178, 7.03654], "12": [8.83593, 9.39813, 8.26374, 7.88184, 8.02745, 9.25475, 6.35101, 4.14032, 8.98189], "13": [7.75426, 8.99097, 9.74952, 8.05296, 9.70011, 8.87411, 6.39561, 8.0214, 8.30833], "14": [3.37781, 8.36772, 8.89075, 9.14702, 7.96277, 9.32123, 7.34727, 9.19291, 4.13349], "15": [8.98704, 8.88533, 7.60499, 6.12797, 9.17415, 9.25749, 3.98714, 7.59872, 10.1302], "16": [6.36006, 8.10879, 6.17033, 9.33594, 8.85324, 9.18976, 9.09875, 7.69106, 8.27215], "17": [9.27361, 8.8477, 8.12657, 7.95949, 6.1083, 8.20255, 8.78805, 2.15453, 6.92093], "18": [8.36721, 7.82104, 9.26605, 7.09553, 9.91498, 4.12912, 9.3989, 9.08516, 8.1303], "19": [9.26561, 2.11223, 9.37854, 8.8969, 7.94868, 7.47773, 9.07555, 6.17466, 9.69956], "20": [9.15903, 8.08937, 8.87488, 6.08826, 4.98347, 9.98624, 9.35184, 6.19725, 1.91778], "21": [9.22872, 2.12414, 9.17046, 7.71553, 8.87279, 8.39121, 8.15791, 5.75367, 7.18248], "22": [7.26502, 9.19515, 7.21845, 8.85748, 7.12316, 8.82334, 9.64726, 3.98113, 3.3363], "23": [9.15659, 8.01536, 6.07063, 8.90059, 9.35234, 7.28744, 10.2239, 8.2117, 9.17434], "24": [8.22842, 8.83753, 3.17236, 7.43473, 7.26681, 6.67186, 4.11672, 6.76626, 6.26746], "25": [6.42332, 8.56924, 8.46056, 8.39602, 8.87003, 9.34422, 8.02466, 8.52706, 9.36529], "26": [9.15415, 8.85121, 7.98699, 6.63525, 9.35562, 9.07586, 7.68777, 4.10266, 9.46067], "27": [9.27165, 9.02136, 8.87383, 6.20526, 7.28642, 9.16724, 6.32775, 7.92026, 4.5851], "28": [1.87573, 7.87389, 8.31129, 9.03152, 8.04884, 8.21686, 6.40837, 9.18697, 9.06572], "29": [1.96402, 6.26501, 8.20805, 9.13566, 8.86282, 8.22012, 5.93571, 9.28902, 8.9996], "30": [9.31634, 8.34458, 5.59365, 9.3786, 9.0541, 8.20236, 6.04154, 4.31816, 8.30416], "31": [8.92049, 7.20929, 9.06621, 8.88407, 5.6784, 9.12986, 9.00338, 3.8365, 6.044], "32": [5.93703, 9.15316, 8.87188, 8.18267, 6.09916, 10.0777, 8.12903, 8.21786, 8.3217], "33": [5.87335, 9.13064, 7.55537, 8.909, 8.0743, 6.08751, 8.39783, 8.34255, 7.1352], "34": [9.31908, 5.8357, 8.23403, 9.3671, 7.0417, 8.12799, 9.37315, 9.7165, 8.91149], "35": [6.52353, 8.53283, 8.8656, 8.32838, 7.20972, 8.84169, 8.0212, 8.20786, 6.15653], "36": [6.67506, 9.26752, 8.87412, 8.14166, 8.10073, 8.39915, 6.233, 5.92712, 9.38619], "37": [8.27032, 9.10075, 9.39465, 8.90401, 6.07855, 6.806, 9.3062, 7.20664, 3.90404], "38": [7.95143, 6.48696, 8.37219, 7.49473, 9.21479, 8.28979, 8.86473, 6.25779, 4.31495], "39": [8.86406, 9.26252, 7.17614, 9.21234, 8.3645, 7.74619, 3.99087, 8.98191, 6.47997], "40": [7.98672, 8.85828, 9.24728, 3.49743, 3.9787, 9.22153, 6.43885, 8.44474, 6.30554], "41": [6.71707, 8.35561, 6.64789, 8.30392, 7.55856, 9.18368, 8.28998, 9.34742, 8.55241], "42": [6.50831, 7.20549, 7.88612, 8.25019, 9.18362, 8.86182, 7.0659, 7.25781, 9.97143], "43": [8.16124, 8.94672, 8.89525, 5.90269, 8.31548, 8.15053, 4.32903, 6.03003, 4.02744], "44": [8.29767, 9.30475, 8.83601, 6.62694, 6.27148, 8.35997, 8.9976, 5.1597, 8.42587], "45": [9.1847, 8.0452, 8.42692, 8.03736, 1.49192, 9.07223, 8.43607, 6.07067, 8.77938], "46": [9.39197, 8.29648, 6.33727, 9.06429, 8.31685, 6.58308, 8.01399, 9.28608, 8.22755], "47": [9.20226, 6.15547, 8.84962, 9.12014, 5.74109, 9.2386, 5.98445, 8.30768, 9.30069], "48": [8.09995, 6.79737, 6.32825, 2.13852, 9.17204, 8.85481, 9.08904, 7.19503, 9.76177], "49": [8.21494, 8.08774, 1.92582, 9.11237, 8.87902, 9.23176, 7.81562, 7.84515, 4.32533], "50": []}