{"0": [5.58418, 5.69988, 7.09519, 6.84004, 4.79858, 11.5795, 5.40766, 6.47404, 10.0114], "1": [8.86588, 5.93973, 13.5993, 8.42846, 6.26932, 9.03978, 4.60858, 9.63908, 4.20275], "2": [8.4958, 9.04268, 7.52345, 6.19, 4.12061, 5.91819, 5.6945, 9.23943, 4.82395], "3": [5.55313, 6.80236, 4.16467, 4.90198, 5.45405, 5.83111, 8.17219, 8.92718, 5.82841], "4": [6.57783, 7.70436, 7.74828, 8.06079, 7.7951, 4.67882, 6.57934, 10.0186, 6.80558], "5": [8.4811, 5.15378, 6.23152, 8.50108, 5.27971, 9.29958, 5.37949, 7.13177, 7.75904], "6": [5.89568, 4.55246, 4.04546, 4.92266, 7.63203, 4.46557, 9.90731, 6.44673, 7.21879], "7": [3.98181, 7.10374, 4.23201, 7.80867, 4.98424, 3.98401, 9.93214, 9.70233, 7.93871], "8": [4.39172, 6.66385, 8.72909, 6.0014, 6.75337, 4.83133, 9.95218, 9.94735, 8.42363], "9": [5.8004, 5.47958, 6.32522, 4.73706, 5.1773, 9.32815, 6.03155, 9.03155, 9.01119], "10": [7.7109, 4.44878, 7.88243, 9.06656, 9.47632, 9.45651, 4.55843, 9.80553, 6.1631], "11": [6.16146, 4.60817, 6.86529, 5.95788, 7.47173, 13.5968, 8.69295, 9.32719, 9.47922], "12": [6.00307, 5.14405, 5.34138, 4.74231, 5.31815, 6.27352, 7.68689, 5.14587, 5.32477], "13": [3.9228, 7.57814, 4.54562, 6.2369, 9.43601, 11.7443, 4.64138, 4.95735, 8.84853], "14": [7.23857, 5.40289, 5.4908, 5.924, 10.0537, 9.44285, 7.9458, 4.48278, 7.17569], "15": [3.98051, 4.76993, 3.84473, 6.34439, 5.67427, 6.37957, 4.74702, 6.54502, 6.13761], "16": [6.08975, 5.88806, 4.25049, 6.00295, 13.9575, 5.13469, 4.29131, 7.1899, 5.9545], "17": [4.50273, 7.7657, 4.27494, 5.19272, 5.81981, 8.51402, 9.95399, 6.88891, 9.71387], "18": [5.51767, 5.79092, 2.11758, 6.40752, 6.4477, 13.455, 6.49964, 14.2193, 6.18744], "19": [5.66232, 3.98518, 5.9817, 4.54028, 14.2033, 6.58332, 6.15717, 6.0308, 7.10214], "20": [5.88916, 7.45169, 11.3029, 7.46374, 8.02864, 9.74407, 9.8359, 8.90631, 8.02502], "21": [4.1551, 12.9579, 4.58224, 6.50892, 6.77874, 6.30664, 5.48382, 8.59306, 4.43656], "22": [3.90222, 5.45282, 6.1281, 4.60782, 5.80422, 14.0809, 4.41735, 7.89796, 13.6549], "23": [7.6848, 8.0502, 7.30539, 8.52392, 8.24807, 11.2176, 10.716, 9.2705, 13.4783], "24": [4.2577, 7.72464, 9.57349, 6.04681, 6.97016, 7.69549, 9.77559, 9.41206, 8.31523], "25": [6.15439, 4.67086, 5.2548, 8.79973, 6.38784, 6.26018, 9.56409, 13.8023, 6.59398], "26": [5.74367, 7.80646, 3.96917, 5.49845, 9.15149, 7.86606, 8.89658, 9.5879, 4.95965], "27": [5.51623, 2.49363, 6.95972, 6.76168, 5.65253, 4.07103, 2.24736, 2.65561, 2.57007], "28": [6.0198, 6.59715, 6.40411, 5.45441, 9.02418, 6.87702, 9.46764, 8.98618, 6.203], "29": [7.44643, 7.52406, 6.98619, 7.66028, 8.71478, 7.88594, 5.61743, 5.9801, 13.3686], "30": [6.60297, 5.16239, 3.76515, 6.5424, 3.94154, 3.8975, 6.13485, 5.65698, 7.40122], "31": [5.5154, 4.08609, 5.4373, 6.19545, 8.50764, 5.41168, 9.27215, 6.65157, 6.37956], "32": [5.10624, 7.02899, 13.5747, 9.90908, 10.9359, 7.10125, 4.71399, 6.40883, 8.60064], "33": [7.74754, 4.1097, 6.66737, 7.87475, 6.60662, 8.30676, 4.77954, 8.94878, 6.31058], "34": [3.53975, 1.68614, 2.15607, 2.71988, 6.6643, 2.09798, 1.95538, 6.69753, 3.67135], "35": [3.50401, 3.48628, 4.24249, 3.65426, 4.82411, 5.37904, 3.68345, 9.22766, 13.4354], "36": [3.44523, 5.91957, 3.80214, 3.97623, 4.38895, 6.883, 3.57168, 2.16286, 5.50084], "37": [4.80951, 5.23187, 5.45319, 5.10816, 7.21148, 5.837, 8.31009, 6.30289, 11.8982], "38": [6.20045, 7.09507, 6.49138, 5.46925, 1.99984, 2.45451, 7.16662, 6.51506, 3.73799], "39": [3.89528, 6.72324, 2.18159, 6.04423, 4.78247, 4.22368, 13.6884, 14.0113, 3.80854], "40": [5.98778, 5.79711, 6.35484, 5.66193, 4.51675, 6.06128, 8.39086, 7.89759, 6.45801], "41": [5.67188, 7.96794, 7.09179, 6.32645, 6.13182, 7.66558, 7.20328, 8.86939, 8.01715], "42": [7.45018, 7.81727, 7.67325, 6.07806, 4.22942, 4.16891, 7.23193, 8.11999, 6.71308], "43": [6.94277, 4.48976, 6.87759, 7.52423, 6.44145, 6.64459, 7.32198, 7.12985, 5.72431], "44": [7.7458, 8.34589, 4.60772, 4.18861, 5.65999, 6.29016, 6.02232, 9.07856, 8.35089], "45": [5.51087, 3.65786, 7.67142, 6.63062, 8.6102, 4.20166, 5.27127, 5.61053, 4.77396], "46": [4.19107, 13.7965, 3.70955, 4.19859, 6.72215, 9.49992, 4.93375, 8.55248, 5.86294], "47": [6.35487, 5.46192, 2.22555, 6.96125, 5.55246, 6.72465, 3.69073, 3.86647, 6.064], "48": [6.00648, 6.04721, 6.83518, 7.39597, 6.29358, 6.03897, 3.44048, 5.89234, 3.60555], "49": [4.96866, 4.50656, 6.06168, 9.41273, 9.39041, 9.64463, 11.6802, 10.0147, 9.23933], "50": []}