{"0": [2.40909, 11.3482, 11.4429, 10.6713, 11.5861, 11.8969, 2.89396, 2.87484, 2.93346], "1": [10.0735, 11.3125, 9.82425, 5.76974, 11.7913, 11.6978, 5.62815, 12.2032, 3.22903], "2": [4.16007, 12.1003, 6.9346, 11.5003, 11.2706, 11.0839, 3.73921, 11.0752, 11.5429], "3": [12.889, 11.9708, 3.01724, 11.4105, 11.813, 3.12739, 11.6236, 10.9508, 11.7964], "4": [11.7233, 11.2086, 11.7765, 11.8261, 11.3922, 2.66282, 11.8818, 2.80084, 11.5485], "5": [11.5427, 11.2342, 9.83295, 6.60209, 9.78101, 6.68892, 6.75021, 11.1356, 2.54453], "6": [3.56425, 5.73882, 2.50293, 11.6519, 3.79815, 12.3481, 11.6408, 12.6299, 5.59335], "7": [3.14747, 11.7713, 3.44651, 3.26182, 8.62758, 4.91845, 3.83833, 9.78424, 8.86872], "8": [2.77923, 5.7487, 12.2841, 2.29976, 6.32843, 5.98385, 12.5153, 4.71555, 4.68755], "9": [12.523, 2.51344, 11.195, 10.9037, 3.71531, 12.7454, 11.7106, 10.5477, 12.0295], "10": [4.01456, 2.97447, 3.61387, 10.9991, 11.4166, 4.13245, 4.31251, 3.56268, 5.43297], "11": [11.7369, 6.68399, 11.4792, 3.09523, 7.79139, 10.9884, 11.6106, 12.1546, 2.09196], "12": [11.0677, 10.5515, 3.85451, 11.4417, 3.43656, 11.7812, 12.7242, 3.21922, 5.80542], "13": [2.71207, 2.28224, 12.5378, 12.4909, 12.0633, 8.62771, 3.5279, 1.99594, 11.6663], "14": [12.6381, 6.70196, 11.3745, 10.7096, 5.42197, 11.965, 12.1755, 4.1629, 12.6171], "15": [12.1583, 6.69541, 4.08354, 3.86853, 10.4648, 11.4403, 3.68347, 3.1058, 11.4391], "16": [11.6587, 7.33169, 2.84938, 3.89203, 11.2608, 11.4225, 11.1148, 12.453, 2.81461], "17": [11.0797, 11.8099, 3.7479, 4.10834, 11.9973, 2.57141, 11.3057, 2.39173, 4.2479], "18": [12.4315, 11.9289, 12.1166, 11.6796, 12.393, 11.6718, 10.9727, 11.2106, 12.8974], "19": [12.7417, 12.6979, 11.1777, 12.5409, 9.85718, 2.95848, 12.9019, 11.9132, 5.5441], "20": [11.6342, 7.46261, 9.70521, 11.3753, 12.554, 11.1109, 12.2709, 10.8726, 12.1613], "21": [3.05741, 12.656, 11.972, 12.7208, 3.33574, 3.15146, 11.6566, 2.49699, 12.9286], "22": [1.97634, 2.99662, 12.364, 12.5607, 12.131, 13.0217, 12.2937, 11.8532, 11.7796], "23": [12.5387, 11.8522, 2.19966, 12.2553, 1.70347, 6.52302, 11.6091, 11.0348, 3.81357], "24": [10.4489, 3.29072, 3.72009, 6.04175, 11.3309, 12.0982, 11.8272, 9.37712, 11.6421], "25": [2.32316, 11.6874, 3.16246, 12.1828, 5.68777, 12.8042, 2.98936, 3.86792, 6.71325], "26": [11.3358, 11.7329, 4.03321, 12.3061, 11.6641, 9.14116, 11.3865, 5.72069, 12.7527], "27": [3.31737, 12.5417, 1.78264, 12.2467, 12.8596, 2.642, 12.791, 2.92163, 11.7245], "28": [12.3004, 12.5304, 12.0457, 2.37441, 2.26493, 11.5497, 2.71053, 12.0162, 11.7825], "29": [12.7697, 3.57165, 12.6072, 2.70856, 12.3874, 12.249, 3.34127, 12.8808, 11.5627], "30": [12.6906, 1.70158, 11.8281, 12.1839, 2.57621, 12.8297, 3.24724, 7.81348, 9.04196], "31": [12.0303, 2.59276, 12.4273, 3.32819, 2.08138, 2.69072, 11.9907, 3.08377, 5.70711], "32": [4.15691, 12.47, 11.3643, 10.8943, 11.7254, 11.1769, 11.7332, 11.3501, 3.03993], "33": [3.12868, 3.85635, 3.75655, 6.86502, 2.40787, 3.07686, 3.83906, 11.0519, 11.4031], "34": [3.16257, 13.0419, 12.4384, 12.4788, 12.7239, 1.97594, 2.2745, 12.5593, 11.9542], "35": [12.8584, 12.1123, 2.25271, 2.43498, 2.9372, 1.98033, 3.90864, 11.9084, 11.9258], "36": [3.9657, 3.30404, 4.58571, 11.2912, 5.68589, 3.85592, 12.6272, 6.11571, 4.15925], "37": [11.6445, 10.3421, 6.01757, 11.6587, 7.30314, 4.05217, 11.7393, 2.92234, 11.3307], "38": [3.15875, 6.93849, 11.659, 3.18586, 11.633, 12.0581, 11.1327, 11.2479, 11.5893], "39": [9.64624, 12.4062, 2.06572, 2.111, 11.274, 4.17217, 2.83034, 11.0286, 9.88521], "40": [11.6008, 9.57945, 10.2425, 7.19364, 5.90507, 11.6126, 7.30834, 11.0383, 1.90789], "41": [11.1439, 10.8391, 3.88634, 6.57951, 6.10345, 12.7201, 12.3931, 11.4321, 3.5426], "42": [2.57613, 11.6404, 10.9497, 12.3245, 3.12192, 2.66807, 11.6117, 3.09584, 10.9731], "43": [1.9672, 5.77925, 2.88576, 12.5641, 11.4049, 4.08019, 12.8127, 4.14056, 2.64498], "44": [2.93725, 12.5618, 11.7928, 3.05452, 11.0181, 4.04275, 11.3229, 10.7408, 11.5854], "45": [13.0799, 6.96886, 6.37148, 4.01952, 2.8738, 6.22652, 3.36904, 7.48299, 11.009], "46": [12.6788, 11.2904, 9.82187, 5.9238, 3.49068, 11.491, 11.5473, 3.80955, 11.1746], "47": [12.8194, 2.90878, 3.9867, 12.4206, 2.92244, 11.7999, 4.69889, 11.6583, 3.07684], "48": [2.95272, 7.02543, 11.751, 12.5743, 10.7389, 11.4698, 11.5441, 11.3337, 11.6865], "49": [6.70989, 11.7071, 11.0719, 11.7969, 10.7322, 2.31073, 3.73866, 4.0554, 9.27105], "50": []}